"filename", "language", "XML", "C#", "JSON", "comment", "blank", "total"
"c:\Users\yoav\source\repos\PokemonGame\PokemonGame.Services\Data\ConnectionsService\ISQLiteConnectionService.cs", "C#", 0, 13, 0, 13, 5, 31
"c:\Users\yoav\source\repos\PokemonGame\PokemonGame.Services\Data\ConnectionsService\SQLiteConnectionService.cs", "C#", 0, 81, 0, 7, 27, 115
"c:\Users\yoav\source\repos\PokemonGame\PokemonGame.Services\Data\DataCache\BattleCacheService.cs", "C#", 0, 41, 0, 1, 11, 53
"c:\Users\yoav\source\repos\PokemonGame\PokemonGame.Services\Data\DataCache\MoveCacheService.cs", "C#", 0, 36, 0, 2, 8, 46
"c:\Users\yoav\source\repos\PokemonGame\PokemonGame.Services\Data\DataCache\OnlinePlayerCacheService.cs", "C#", 0, 72, 0, 4, 19, 95
"c:\Users\yoav\source\repos\PokemonGame\PokemonGame.Services\Data\DataCache\PokemonCacheService.cs", "C#", 0, 72, 0, 2, 18, 92
"c:\Users\yoav\source\repos\PokemonGame\PokemonGame.Services\Data\DataCache\UserCacheService.cs", "C#", 0, 50, 0, 5, 16, 71
"c:\Users\yoav\source\repos\PokemonGame\PokemonGame.Services\Data\DataProvider\SQLite\SQLiteBattleRepository .cs", "C#", 0, 55, 0, 0, 9, 64
"c:\Users\yoav\source\repos\PokemonGame\PokemonGame.Services\Data\DataProvider\SQLite\SQLiteMoveRepository.cs", "C#", 0, 30, 0, 0, 8, 38
"c:\Users\yoav\source\repos\PokemonGame\PokemonGame.Services\Data\DataProvider\SQLite\SQLiteOnlinePlayerRepository .cs", "C#", 0, 54, 0, 0, 10, 64
"c:\Users\yoav\source\repos\PokemonGame\PokemonGame.Services\Data\DataProvider\SQLite\SQLitePokemonRepository.cs", "C#", 0, 53, 0, 0, 15, 68
"c:\Users\yoav\source\repos\PokemonGame\PokemonGame.Services\Data\DataProvider\SQLite\SQLiteUserRepository.cs", "C#", 0, 31, 0, 0, 8, 39
"c:\Users\yoav\source\repos\PokemonGame\PokemonGame.Services\Data\GameData\AbilityData.cs", "C#", 0, 13, 0, 0, 3, 16
"c:\Users\yoav\source\repos\PokemonGame\PokemonGame.Services\Data\GameData\Items\PokeballData.cs", "C#", 0, 25, 0, 0, 2, 27
"c:\Users\yoav\source\repos\PokemonGame\PokemonGame.Services\Data\GameData\MapData\RouteMapData.cs", "C#", 0, 25, 0, 0, 3, 28
"c:\Users\yoav\source\repos\PokemonGame\PokemonGame.Services\Data\GameData\MapData\TownMapData.cs", "C#", 0, 14, 0, 0, 3, 17
"c:\Users\yoav\source\repos\PokemonGame\PokemonGame.Services\Data\GameData\MapData\WorldData.cs", "C#", 0, 19, 0, 0, 4, 23
"c:\Users\yoav\source\repos\PokemonGame\PokemonGame.Services\Data\GameData\Move\MoveData.cs", "C#", 0, 17, 0, 0, 2, 19
"c:\Users\yoav\source\repos\PokemonGame\PokemonGame.Services\Data\GameData\NpcData\RivalData.cs", "C#", 0, 38, 0, 2, 4, 44
"c:\Users\yoav\source\repos\PokemonGame\PokemonGame.Services\Data\GameData\NpcData\TrainerData.cs", "C#", 0, 22, 0, 0, 1, 23
"c:\Users\yoav\source\repos\PokemonGame\PokemonGame.Services\Data\GameData\Pokemon\BaseStatsData.cs", "C#", 0, 32, 0, 0, 3, 35
"c:\Users\yoav\source\repos\PokemonGame\PokemonGame.Services\Data\GameData\Pokemon\EggMoveData.cs", "C#", 0, 11, 0, 0, 2, 13
"c:\Users\yoav\source\repos\PokemonGame\PokemonGame.Services\Data\GameData\Pokemon\EvolutionData.cs", "C#", 0, 15, 0, 0, 3, 18
"c:\Users\yoav\source\repos\PokemonGame\PokemonGame.Services\Data\GameData\Pokemon\LevelUpMoveData.cs", "C#", 0, 9, 0, 0, 2, 11
"c:\Users\yoav\source\repos\PokemonGame\PokemonGame.Services\Data\GameData\Pokemon\PokemonData.cs", "C#", 0, 8, 0, 0, 1, 9
"c:\Users\yoav\source\repos\PokemonGame\PokemonGame.Services\Data\GameData\Pokemon\PokemonFormData.cs", "C#", 0, 12, 0, 0, 3, 15
"c:\Users\yoav\source\repos\PokemonGame\PokemonGame.Services\Data\GameData\User\BattlePlayerData.cs", "C#", 0, 13, 0, 0, 2, 15
"c:\Users\yoav\source\repos\PokemonGame\PokemonGame.Services\Data\GameData\User\OnlinePlayer\BattleData.cs", "C#", 0, 26, 0, 0, 3, 29
"c:\Users\yoav\source\repos\PokemonGame\PokemonGame.Services\Data\GameData\User\OnlinePlayer\OnlineFriend.cs", "C#", 0, 13, 0, 0, 4, 17
"c:\Users\yoav\source\repos\PokemonGame\PokemonGame.Services\Data\GameData\User\StoryPlayerData.cs", "C#", 0, 13, 0, 0, 2, 15
"c:\Users\yoav\source\repos\PokemonGame\PokemonGame.Services\Data\GameData\User\UserData.cs", "C#", 0, 12, 0, 0, 2, 14
"c:\Users\yoav\source\repos\PokemonGame\PokemonGame.Services\Data\Interfaces\IBattleRepository.cs", "C#", 0, 15, 0, 0, 3, 18
"c:\Users\yoav\source\repos\PokemonGame\PokemonGame.Services\Data\Interfaces\IMoveRepository.cs", "C#", 0, 15, 0, 0, 4, 19
"c:\Users\yoav\source\repos\PokemonGame\PokemonGame.Services\Data\Interfaces\IOnlinePlayerRepository.cs", "C#", 0, 15, 0, 0, 3, 18
"c:\Users\yoav\source\repos\PokemonGame\PokemonGame.Services\Data\Interfaces\IPokemonRepository.cs", "C#", 0, 22, 0, 0, 8, 30
"c:\Users\yoav\source\repos\PokemonGame\PokemonGame.Services\Data\Interfaces\IUserRepository.cs", "C#", 0, 14, 0, 0, 3, 17
"c:\Users\yoav\source\repos\PokemonGame\PokemonGame.Services\Factory\ServiceFactory.cs", "C#", 0, 38, 0, 5, 7, 50
"c:\Users\yoav\source\repos\PokemonGame\PokemonGame.Services\PokemonGame.Services.csproj", "XML", 34, 0, 0, 0, 7, 41
"c:\Users\yoav\source\repos\PokemonGame\PokemonGame.Services\Services\BattleHistoryService.cs", "C#", 0, 64, 0, 5, 12, 81
"c:\Users\yoav\source\repos\PokemonGame\PokemonGame.Services\Services\GameModeChooserService.cs", "C#", 0, 43, 0, 5, 11, 59
"c:\Users\yoav\source\repos\PokemonGame\PokemonGame.Services\Services\LogInService.cs", "C#", 0, 45, 0, 4, 11, 60
"c:\Users\yoav\source\repos\PokemonGame\PokemonGame.Services\Services\SignUpService.cs", "C#", 0, 39, 0, 0, 9, 48
"c:\Users\yoav\source\repos\PokemonGame\PokemonGame.Services\resources\Items\Pokeballs.json", "JSON", 0, 0, 20, 0, 0, 20
"c:\Users\yoav\source\repos\PokemonGame\PokemonGame.Services\resources\Maps\Maps.Json", "JSON", 0, 0, 0, 0, 1, 1
"c:\Users\yoav\source\repos\PokemonGame\PokemonGame.Services\resources\Maps\TownMaps.json", "JSON", 0, 0, 210, 0, 1, 211
"c:\Users\yoav\source\repos\PokemonGame\PokemonGame.Services\resources\Npc\Rivals.json", "JSON", 0, 0, 69, 0, 1, 70
"c:\Users\yoav\source\repos\PokemonGame\PokemonGame.Services\resources\Npc\Trainers.json", "JSON", 0, 0, 73, 0, 1, 74
"c:\Users\yoav\source\repos\PokemonGame\PokemonGame.Services\resources\Player\Players.json", "JSON", 0, 0, 48, 0, 1, 49
"c:\Users\yoav\source\repos\PokemonGame\PokemonGame.ViewModels\MainWindowViewModel.cs", "C#", 0, 22, 0, 2, 6, 30
"c:\Users\yoav\source\repos\PokemonGame\PokemonGame.ViewModels\PokemonGame.ViewModels.csproj", "XML", 27, 0, 0, 0, 6, 33
"c:\Users\yoav\source\repos\PokemonGame\PokemonGame.ViewModels\Store\UserStore.cs", "C#", 0, 10, 0, 0, 2, 12
"c:\Users\yoav\source\repos\PokemonGame\PokemonGame.ViewModels\ViewModelHelper\CommandBase.cs", "C#", 0, 20, 0, 0, 3, 23
"c:\Users\yoav\source\repos\PokemonGame\PokemonGame.ViewModels\ViewModelHelper\NavigateCommand.cs", "C#", 0, 20, 0, 0, 3, 23
"c:\Users\yoav\source\repos\PokemonGame\PokemonGame.ViewModels\ViewModelHelper\NavigationStore.cs", "C#", 0, 22, 0, 0, 3, 25
"c:\Users\yoav\source\repos\PokemonGame\PokemonGame.ViewModels\ViewModelHelper\Service\IDialogService.cs", "C#", 0, 12, 0, 0, 0, 12
"c:\Users\yoav\source\repos\PokemonGame\PokemonGame.ViewModels\ViewModelHelper\ViewModelBase.cs", "C#", 0, 14, 0, 0, 2, 16
"c:\Users\yoav\source\repos\PokemonGame\PokemonGame.ViewModels\ViewModelPage\BattleMenu\MenuItemViewModel.cs", "C#", 0, 27, 0, 0, 5, 32
"c:\Users\yoav\source\repos\PokemonGame\PokemonGame.ViewModels\ViewModelPage\BattleMenu\MenuSelectionViewModel.cs", "C#", 0, 21, 0, 0, 4, 25
"c:\Users\yoav\source\repos\PokemonGame\PokemonGame.ViewModels\ViewModelPage\BattleMenu\MoveViewModel.cs", "C#", 0, 38, 0, 0, 9, 47
"c:\Users\yoav\source\repos\PokemonGame\PokemonGame.ViewModels\ViewModelPage\BattleMenu\PokemonBattleMenuViewModel .cs", "C#", 0, 54, 0, 14, 16, 84
"c:\Users\yoav\source\repos\PokemonGame\PokemonGame.ViewModels\ViewModelPage\BattleMenu\PokemonBattleMovesetMenuViewModel.cs", "C#", 0, 75, 0, 18, 16, 109
"c:\Users\yoav\source\repos\PokemonGame\PokemonGame.ViewModels\ViewModelPage\OnlineBattle\HistoryBattleViewModel.cs", "C#", 0, 31, 0, 4, 10, 45
"c:\Users\yoav\source\repos\PokemonGame\PokemonGame.ViewModels\ViewModelPage\OnlineBattle\OnlineBattleShellViewModel .cs", "C#", 0, 21, 0, 1, 6, 28
"c:\Users\yoav\source\repos\PokemonGame\PokemonGame.ViewModels\ViewModelPage\OnlineBattle\OnlineFriendsViewModel.cs", "C#", 0, 30, 0, 1, 6, 37
"c:\Users\yoav\source\repos\PokemonGame\PokemonGame.ViewModels\ViewModelPage\OnlineBattle\ProfileViewModel.cs", "C#", 0, 49, 0, 0, 5, 54
"c:\Users\yoav\source\repos\PokemonGame\PokemonGame.ViewModels\ViewModelPage\OnlineBattle\SideMenuViewModel.cs", "C#", 0, 49, 0, 0, 9, 58
"c:\Users\yoav\source\repos\PokemonGame\PokemonGame.ViewModels\ViewModelPage\OnlineBattle\TeamSelectViewModel.cs", "C#", 0, 53, 0, 0, 9, 62
"c:\Users\yoav\source\repos\PokemonGame\PokemonGame.ViewModels\ViewModelPage\SignUp\GameModeChooserViewModel .cs", "C#", 0, 143, 0, 4, 31, 178
"c:\Users\yoav\source\repos\PokemonGame\PokemonGame.ViewModels\ViewModelPage\SignUp\LogInViewModel.cs", "C#", 0, 69, 0, 1, 12, 82
"c:\Users\yoav\source\repos\PokemonGame\PokemonGame.ViewModels\ViewModelPage\SignUp\SignUpViewModel .cs", "C#", 0, 102, 0, 2, 23, 127
"c:\Users\yoav\source\repos\PokemonGame\PokemonGame.ViewModels\WildPokemonBattleViewModel.cs", "C#", 0, 14, 0, 169, 10, 193
"c:\Users\yoav\source\repos\PokemonGame\PokemonGameModel\Config\NatureHelper.cs", "C#", 0, 40, 0, 0, 8, 48
"c:\Users\yoav\source\repos\PokemonGame\PokemonGameModel\Config\PokemonConstants.cs", "C#", 0, 19, 0, 1, 5, 25
"c:\Users\yoav\source\repos\PokemonGame\PokemonGameModel\Config\TypeEffectivenessChartConstants.cs", "C#", 0, 15, 0, 0, 2, 17
"c:\Users\yoav\source\repos\PokemonGame\PokemonGameModel\Config\TypeEffectivenessChartHelper.cs", "C#", 0, 125, 0, 13, 19, 157
"c:\Users\yoav\source\repos\PokemonGame\PokemonGameModel\Domain\Map\RouteMapData.cs", "C#", 0, 23, 0, 0, 0, 23
"c:\Users\yoav\source\repos\PokemonGame\PokemonGameModel\Domain\Map\TownMapData.cs", "C#", 0, 14, 0, 0, 0, 14
"c:\Users\yoav\source\repos\PokemonGame\PokemonGameModel\Domain\Map\Worldata.cs", "C#", 0, 18, 0, 0, 2, 20
"c:\Users\yoav\source\repos\PokemonGame\PokemonGameModel\Domain\Move\MoveData.cs", "C#", 0, 19, 0, 0, 1, 20
"c:\Users\yoav\source\repos\PokemonGame\PokemonGameModel\Domain\Pokemon\AbilityData.cs", "C#", 0, 11, 0, 0, 1, 12
"c:\Users\yoav\source\repos\PokemonGame\PokemonGameModel\Domain\Pokemon\BaseStatsData.cs", "C#", 0, 29, 0, 0, 1, 30
"c:\Users\yoav\source\repos\PokemonGame\PokemonGameModel\Domain\Pokemon\EggMoveData.cs", "C#", 0, 12, 0, 0, 2, 14
"c:\Users\yoav\source\repos\PokemonGame\PokemonGameModel\Domain\Pokemon\EvolutionData.cs", "C#", 0, 16, 0, 0, 2, 18
"c:\Users\yoav\source\repos\PokemonGame\PokemonGameModel\Domain\Pokemon\LevelUpMoveData.cs", "C#", 0, 10, 0, 0, 3, 13
"c:\Users\yoav\source\repos\PokemonGame\PokemonGameModel\Domain\Pokemon\PokemonData.cs", "C#", 0, 8, 0, 0, 0, 8
"c:\Users\yoav\source\repos\PokemonGame\PokemonGameModel\Domain\Pokemon\PokemonFormData.cs", "C#", 0, 9, 0, 0, 0, 9
"c:\Users\yoav\source\repos\PokemonGame\PokemonGameModel\Enums\BotLevel.cs", "C#", 0, 11, 0, 0, 2, 13
"c:\Users\yoav\source\repos\PokemonGame\PokemonGameModel\Enums\Direction.cs", "C#", 0, 10, 0, 0, 1, 11
"c:\Users\yoav\source\repos\PokemonGame\PokemonGameModel\Enums\MovesEnum\MoveEffectType.cs", "C#", 0, 175, 0, 0, 2, 177
"c:\Users\yoav\source\repos\PokemonGame\PokemonGameModel\Enums\MovesEnum\MoveFlagType.cs", "C#", 0, 41, 0, 11, 2, 54
"c:\Users\yoav\source\repos\PokemonGame\PokemonGameModel\Enums\MovesEnum\MoveTargetType.cs", "C#", 0, 22, 0, 0, 3, 25
"c:\Users\yoav\source\repos\PokemonGame\PokemonGameModel\Enums\MovesEnum\MovesCategoryType.cs", "C#", 0, 13, 0, 3, 3, 19
"c:\Users\yoav\source\repos\PokemonGame\PokemonGameModel\Enums\NatureType.cs", "C#", 0, 11, 0, 0, 1, 12
"c:\Users\yoav\source\repos\PokemonGame\PokemonGameModel\Enums\PokemonEnum\AbillityType.cs", "C#", 0, 82, 0, 2, 5, 89
"c:\Users\yoav\source\repos\PokemonGame\PokemonGameModel\Enums\PokemonEnum\EggGroupType.cs", "C#", 0, 25, 0, 0, 2, 27
"c:\Users\yoav\source\repos\PokemonGame\PokemonGameModel\Enums\PokemonEnum\EvoMethodType.cs", "C#", 0, 38, 0, 5, 2, 45
"c:\Users\yoav\source\repos\PokemonGame\PokemonGameModel\Enums\PokemonEnum\GenderRatioType.cs", "C#", 0, 16, 0, 7, 2, 25
"c:\Users\yoav\source\repos\PokemonGame\PokemonGameModel\Enums\PokemonEnum\GenderType.cs", "C#", 0, 13, 0, 4, 2, 19
"c:\Users\yoav\source\repos\PokemonGame\PokemonGameModel\Enums\PokemonEnum\GrowthRateType.cs", "C#", 0, 18, 0, 0, 2, 20
"c:\Users\yoav\source\repos\PokemonGame\PokemonGameModel\Enums\PokemonEnum\MoveNameType.cs", "C#", 0, 570, 0, 1, 2, 573
"c:\Users\yoav\source\repos\PokemonGame\PokemonGameModel\Enums\PokemonEnum\PokemonType.cs", "C#", 0, 25, 0, 0, 2, 27
"c:\Users\yoav\source\repos\PokemonGame\PokemonGameModel\Enums\StatusType.cs", "C#", 0, 34, 0, 3, 3, 40
"c:\Users\yoav\source\repos\PokemonGame\PokemonGameModel\Enums\TileType.cs", "C#", 0, 14, 0, 0, 3, 17
"c:\Users\yoav\source\repos\PokemonGame\PokemonGameModel\Interface\IBotBattle.cs", "C#", 0, 16, 0, 3, 2, 21
"c:\Users\yoav\source\repos\PokemonGame\PokemonGameModel\Interface\ICatchable.cs", "C#", 0, 13, 0, 0, 2, 15
"c:\Users\yoav\source\repos\PokemonGame\PokemonGameModel\Interface\IEvolvable.cs", "C#", 0, 13, 0, 0, 2, 15
"c:\Users\yoav\source\repos\PokemonGame\PokemonGameModel\Interface\IMove.cs", "C#", 0, 11, 0, 0, 2, 13
"c:\Users\yoav\source\repos\PokemonGame\PokemonGameModel\Interface\IMoveResult.cs", "C#", 0, 16, 0, 0, 2, 18
"c:\Users\yoav\source\repos\PokemonGame\PokemonGameModel\Interface\IPartyPokemon.cs", "C#", 0, 15, 0, 0, 6, 21
"c:\Users\yoav\source\repos\PokemonGame\PokemonGameModel\Interface\IStatusAffectable.cs", "C#", 0, 14, 0, 0, 3, 17
"c:\Users\yoav\source\repos\PokemonGame\PokemonGameModel\Interface\ITrainer.cs", "C#", 0, 23, 0, 6, 7, 36
"c:\Users\yoav\source\repos\PokemonGame\PokemonGameModel\Interface\ITyeable.cs", "C#", 0, 9, 0, 0, 2, 11
"c:\Users\yoav\source\repos\PokemonGame\PokemonGameModel\Model\BattleSystem\Bot\RivalBot.cs", "C#", 0, 11, 0, 163, 16, 190
"c:\Users\yoav\source\repos\PokemonGame\PokemonGameModel\Model\BattleSystem\Bot\WildPokemonBot.cs", "C#", 0, 13, 0, 114, 8, 135
"c:\Users\yoav\source\repos\PokemonGame\PokemonGameModel\Model\BattleSystem\Player\PlayerPokemonBot.cs", "C#", 0, 15, 0, 104, 8, 127
"c:\Users\yoav\source\repos\PokemonGame\PokemonGameModel\Model\Helper\BattleHelper\BattleCaculaterHelper.cs", "C#", 0, 13, 0, 162, 32, 207
"c:\Users\yoav\source\repos\PokemonGame\PokemonGameModel\Model\Helper\DataHelper\MoveHelper\MoveHelper.cs", "C#", 0, 124, 0, 6, 3, 133
"c:\Users\yoav\source\repos\PokemonGame\PokemonGameModel\Model\Helper\DataHelper\PokemonData\EvolutionHelper.cs", "C#", 0, 9, 0, 1, 3, 13
"c:\Users\yoav\source\repos\PokemonGame\PokemonGameModel\Model\Helper\DataHelper\PokemonData\LevelUpMovesHelper.cs", "C#", 0, 74, 0, 0, 2, 76
"c:\Users\yoav\source\repos\PokemonGame\PokemonGameModel\Model\Helper\MathHelper\PokemonStatCalculatorHelper.cs", "C#", 0, 61, 0, 0, 6, 67
"c:\Users\yoav\source\repos\PokemonGame\PokemonGameModel\Model\Helper\MathHelper\RNGHelper.cs", "C#", 0, 87, 0, 61, 25, 173
"c:\Users\yoav\source\repos\PokemonGame\PokemonGameModel\Model\Helper\MethodHelper.cs", "C#", 0, 111, 0, 1, 20, 132
"c:\Users\yoav\source\repos\PokemonGame\PokemonGameModel\Model\Map\Tile.cs", "C#", 0, 14, 0, 0, 2, 16
"c:\Users\yoav\source\repos\PokemonGame\PokemonGameModel\Model\Map\WorldMap.cs", "C#", 0, 138, 0, 3, 21, 162
"c:\Users\yoav\source\repos\PokemonGame\PokemonGameModel\Model\Pkmn\BoxMoveset.cs", "C#", 0, 70, 0, 1, 9, 80
"c:\Users\yoav\source\repos\PokemonGame\PokemonGameModel\Model\Pkmn\BoxPokemon.cs", "C#", 0, 88, 0, 0, 12, 100
"c:\Users\yoav\source\repos\PokemonGame\PokemonGameModel\Model\Pkmn\EvsAndIvs.cs", "C#", 0, 74, 0, 0, 6, 80
"c:\Users\yoav\source\repos\PokemonGame\PokemonGameModel\Model\Pkmn\Friendship.cs", "C#", 0, 47, 0, 0, 4, 51
"c:\Users\yoav\source\repos\PokemonGame\PokemonGameModel\Model\Pkmn\Interface\IPBEPokemon.cs", "C#", 0, 25, 0, 6, 16, 47
"c:\Users\yoav\source\repos\PokemonGame\PokemonGameModel\Model\Pkmn\Interface\IPBESpeciesForm.cs", "C#", 0, 9, 0, 0, 2, 11
"c:\Users\yoav\source\repos\PokemonGame\PokemonGameModel\Model\Pkmn\Interface\IPBEStatCollection.cs", "C#", 0, 21, 0, 0, 0, 21
"c:\Users\yoav\source\repos\PokemonGame\PokemonGameModel\Model\Pkmn\Moveset.cs", "C#", 0, 80, 0, 1, 5, 86
"c:\Users\yoav\source\repos\PokemonGame\PokemonGameModel\Model\Pkmn\Pokerus.cs", "C#", 0, 51, 0, 2, 5, 58
"c:\Users\yoav\source\repos\PokemonGame\PokemonGameModel\Model\PokemonCreation\PartyPokemon.cs", "C#", 0, 144, 0, 3, 14, 161
"c:\Users\yoav\source\repos\PokemonGame\PokemonGameModel\PokemonGame.Model.csproj", "XML", 11, 0, 0, 0, 4, 15
"c:\Users\yoav\source\repos\PokemonGame\PokemonGameModel\Program.cs", "C#", 0, 12, 0, 0, 2, 14
"c:\Users\yoav\source\repos\PokemonGame\PokemonGameUnitTests\DBTests\SQLiteDataProviderTests.cs", "C#", 0, 25, 0, 0, 10, 35
"c:\Users\yoav\source\repos\PokemonGame\PokemonGameUnitTests\PokemonGame.Tests.csproj", "XML", 23, 0, 0, 0, 7, 30
"c:\Users\yoav\source\repos\PokemonGame\PokemonGame\App.xaml", "XML", 63, 0, 0, 2, 8, 73
"c:\Users\yoav\source\repos\PokemonGame\PokemonGame\App.xaml.cs", "C#", 0, 92, 0, 3, 19, 114
"c:\Users\yoav\source\repos\PokemonGame\PokemonGame\Converters\BoolToVisibilityConverter.cs", "C#", 0, 18, 0, 0, 3, 21
"c:\Users\yoav\source\repos\PokemonGame\PokemonGame\Converters\InverseBoolToVisibilityConverter.cs", "C#", 0, 18, 0, 0, 4, 22
"c:\Users\yoav\source\repos\PokemonGame\PokemonGame\Converters\NullToBoolConverter .cs", "C#", 0, 21, 0, 0, 3, 24
"c:\Users\yoav\source\repos\PokemonGame\PokemonGame\Converters\OnlineStatusConverter.cs", "C#", 0, 21, 0, 0, 3, 24
"c:\Users\yoav\source\repos\PokemonGame\PokemonGame\Converters\WinnerTextConverter.cs", "C#", 0, 21, 0, 0, 3, 24
"c:\Users\yoav\source\repos\PokemonGame\PokemonGame\MainWindow.xaml", "XML", 33, 0, 0, 2, 11, 46
"c:\Users\yoav\source\repos\PokemonGame\PokemonGame\MainWindow.xaml.cs", "C#", 0, 21, 0, 4, 4, 29
"c:\Users\yoav\source\repos\PokemonGame\PokemonGame\PokemonGame.Views.csproj", "XML", 577, 0, 0, 0, 0, 577
"c:\Users\yoav\source\repos\PokemonGame\PokemonGame\PokemonGame.csproj", "XML", 561, 0, 0, 0, 0, 561
"c:\Users\yoav\source\repos\PokemonGame\PokemonGame\Properties\AssemblyInfo.cs", "C#", 0, 20, 0, 24, 9, 53
"c:\Users\yoav\source\repos\PokemonGame\PokemonGame\Properties\Resources.Designer.cs", "C#", 0, 40, 0, 23, 9, 72
"c:\Users\yoav\source\repos\PokemonGame\PokemonGame\Properties\Settings.Designer.cs", "C#", 0, 16, 0, 9, 6, 31
"c:\Users\yoav\source\repos\PokemonGame\PokemonGame\Themes\Generic.xaml", "XML", 180, 0, 0, 10, 12, 202
"c:\Users\yoav\source\repos\PokemonGame\PokemonGame\Views\Controls\BoardBackground.cs", "C#", 0, 27, 0, 0, 6, 33
"c:\Users\yoav\source\repos\PokemonGame\PokemonGame\Views\Controls\DialogService .cs", "C#", 0, 54, 0, 3, 13, 70
"c:\Users\yoav\source\repos\PokemonGame\PokemonGame\Views\Controls\PasswordHelper.cs", "C#", 0, 48, 0, 1, 12, 61
"c:\Users\yoav\source\repos\PokemonGame\PokemonGame\Views\Pages\OnlineBattlePage\BatlleMenuPage.xaml", "XML", 72, 0, 0, 3, 7, 82
"c:\Users\yoav\source\repos\PokemonGame\PokemonGame\Views\Pages\OnlineBattlePage\BatlleMenuPage.xaml.cs", "C#", 0, 24, 0, 3, 2, 29
"c:\Users\yoav\source\repos\PokemonGame\PokemonGame\Views\Pages\OnlineBattlePages\BattleMenuPage.xaml", "XML", 64, 0, 0, 4, 16, 84
"c:\Users\yoav\source\repos\PokemonGame\PokemonGame\Views\Pages\OnlineBattlePages\BattleMenuPage.xaml.cs", "C#", 0, 24, 0, 3, 4, 31
"c:\Users\yoav\source\repos\PokemonGame\PokemonGame\Views\Pages\OnlineBattlePages\HistoryBattlePage.xaml", "XML", 115, 0, 0, 3, 11, 129
"c:\Users\yoav\source\repos\PokemonGame\PokemonGame\Views\Pages\OnlineBattlePages\HistoryBattlePage.xaml.cs", "C#", 0, 26, 0, 3, 3, 32
"c:\Users\yoav\source\repos\PokemonGame\PokemonGame\Views\Pages\OnlineBattlePages\OnlineBattleShell.xaml", "XML", 41, 0, 0, 4, 12, 57
"c:\Users\yoav\source\repos\PokemonGame\PokemonGame\Views\Pages\OnlineBattlePages\OnlineBattleShell.xaml.cs", "C#", 0, 24, 0, 3, 2, 29
"c:\Users\yoav\source\repos\PokemonGame\PokemonGame\Views\Pages\OnlineBattlePages\OnlineFriendsPage.xaml", "XML", 60, 0, 0, 4, 9, 73
"c:\Users\yoav\source\repos\PokemonGame\PokemonGame\Views\Pages\OnlineBattlePages\OnlineFriendsPage.xaml.cs", "C#", 0, 26, 0, 3, 3, 32
"c:\Users\yoav\source\repos\PokemonGame\PokemonGame\Views\Pages\OnlineBattlePages\ProfilePage.xaml", "XML", 58, 0, 0, 4, 16, 78
"c:\Users\yoav\source\repos\PokemonGame\PokemonGame\Views\Pages\OnlineBattlePages\ProfilePage.xaml.cs", "C#", 0, 26, 0, 3, 2, 31
"c:\Users\yoav\source\repos\PokemonGame\PokemonGame\Views\Pages\OnlineBattlePages\SideMenu.xaml", "XML", 62, 0, 0, 2, 12, 76
"c:\Users\yoav\source\repos\PokemonGame\PokemonGame\Views\Pages\OnlineBattlePages\SideMenu.xaml.cs", "C#", 0, 24, 0, 3, 3, 30
"c:\Users\yoav\source\repos\PokemonGame\PokemonGame\Views\Pages\OnlineBattlePages\TeamSelectPage.xaml", "XML", 185, 0, 0, 9, 14, 208
"c:\Users\yoav\source\repos\PokemonGame\PokemonGame\Views\Pages\OnlineBattlePages\TeamSelectPage.xaml.cs", "C#", 0, 24, 0, 3, 3, 30
"c:\Users\yoav\source\repos\PokemonGame\PokemonGame\Views\Pages\SignIn\GameModeChooser.xaml", "XML", 66, 0, 0, 2, 10, 78
"c:\Users\yoav\source\repos\PokemonGame\PokemonGame\Views\Pages\SignIn\GameModeChooser.xaml.cs", "C#", 0, 26, 0, 3, 2, 31
"c:\Users\yoav\source\repos\PokemonGame\PokemonGame\Views\Pages\SignIn\LogIn.xaml", "XML", 84, 0, 0, 4, 13, 101
"c:\Users\yoav\source\repos\PokemonGame\PokemonGame\Views\Pages\SignIn\LogIn.xaml.cs", "C#", 0, 25, 0, 3, 2, 30
"c:\Users\yoav\source\repos\PokemonGame\PokemonGame\Views\Pages\SignIn\SignUp.xaml", "XML", 130, 0, 0, 4, 8, 142
"c:\Users\yoav\source\repos\PokemonGame\PokemonGame\Views\Pages\SignIn\SignUp.xaml.cs", "C#", 0, 34, 0, 4, 7, 45
"c:\Users\yoav\source\repos\PokemonGame\PokemonGame\Views\Windows\InputDialog.xaml", "XML", 46, 0, 0, 3, 4, 53
"c:\Users\yoav\source\repos\PokemonGame\PokemonGame\Views\Windows\InputDialog.xaml.cs", "C#", 0, 22, 0, 0, 4, 26
"c:\Users\yoav\source\repos\PokemonGame\PokemonGame\Views\Windows\SelectionDialog.xaml", "XML", 47, 0, 0, 3, 5, 55
"c:\Users\yoav\source\repos\PokemonGame\PokemonGame\Views\Windows\SelectionDialog.xaml.cs", "C#", 0, 28, 0, 3, 7, 38
"Total", "-", 2539, 5813, 420, 1125, 1143, 11040